{
  "heat_mean": 5.338541507720947,
  "heat_std": 15.441083908081055,
  "T_mean": 30.1888427734375,
  "T_std": 5.567896842956543
}