{
  "heat_mean": 2.733917236328125,
  "heat_std": 9.862957000732422,
  "T_mean": 29.7452335357666,
  "T_std": 5.115652561187744
}